af_tgp,af_exac,af_esp,ref_length,alt_length
-3.8526032,-4.2228904,-0.6370866,0.0,0.0
-3.7993128,-4.095178,-0.59475696,0.0,0.0
-3.4379537,-4.9394507,-2.281839,0.0,0.0
-3.7530382,-4.824719,-0.6774295,0.0,0.0
-3.705107,-4.870212,-0.70075566,0.0,0.0
-3.859172,-3.9908168,-2.3913236,0.0,0.0
-3.8152118,-4.845843,-0.59413177,0.0,0.0
-3.8526032,-4.2228904,-0.6370866,0.0,0.0
-3.8723943,-5.3904667,-1.9530317,0.0,0.0
-3.705107,-4.870212,-0.70075566,0.0,0.0
-3.8526032,-4.2228904,-0.6370866,0.0,0.0
-3.8104832,-4.596124,-2.2526348,0.0,0.0
-3.851871,-4.113172,-0.5242049,0.0,0.0
-3.7993128,-4.095178,-0.59475696,0.0,0.0
-3.8526032,-4.2228904,-0.6370866,0.0,0.0
-3.851871,-4.113172,-0.5242049,0.0,0.0
-3.8526032,-4.2228904,-0.6370866,0.0,0.0
-3.4842932,-5.2310796,-2.5005202,0.0,0.0
-3.705107,-4.870212,-0.70075566,0.0,0.0
-4.0118613,-5.003413,-0.39563373,0.0,0.0
-3.705107,-4.870212,-0.70075566,0.0,0.0
-3.4905114,-4.9574447,-2.211287,0.0,0.0
-3.8614864,-4.116301,-0.5114592,0.0,0.0
-3.7993128,-4.095178,-0.59475696,0.0,0.0
-3.705107,-4.870212,-0.70075566,0.0,0.0
-3.9225926,-5.045353,-2.2479472,0.0,0.0
-3.8526032,-4.2228904,-0.6370866,0.0,0.0
-3.4920092,-4.926028,-2.2412057,0.0,0.0
-3.8526032,-4.2228904,-0.6370866,0.0,0.0
-3.8614864,-4.116301,-0.5114592,0.0,0.0
-3.7993128,-4.095178,-0.59475696,0.0,0.0
-3.705107,-4.870212,-0.70075566,0.0,0.0
-3.8003914,-4.108545,-0.6789861,0.0,0.0
-3.8526032,-4.2228904,-0.6370866,0.0,0.0
-3.8526032,-4.2228904,-0.6370866,0.0,0.0
-3.861236,-4.1291795,-0.59750605,0.0,0.0
1.1949394,-2.8320458,0.06717374,0.0,0.0
-3.7530382,-4.824719,-0.6774295,0.0,0.0
1.1120399,0.24595642,-0.09416621,0.0,0.0
-3.705107,-4.870212,-0.70075566,0.0,0.0
-3.8526032,-4.2228904,-0.6370866,0.0,0.0
0.91473335,1.9340937,0.46234748,0.0,0.0
-3.75196,-4.8113523,-0.5932004,0.0,0.0
-4.2766623,-3.6532257,-0.559358,0.0,0.0
-3.8601575,-4.115813,-0.5132769,0.0,0.0
-3.8346784,-4.236257,-0.70231223,0.0,0.0
-3.287954,-4.876915,-2.4943712,0.0,0.0
-3.705107,-4.870212,-0.70075566,0.0,0.0
-3.8526032,-4.2228904,-0.6370866,0.0,0.0
1.0994095,2.2154377,-0.19895953,0.0,0.0
1.0373449,-4.758703,0.038383435,0.0,0.0
-3.8526032,-4.2228904,-0.6370866,0.0,0.0
-3.8526032,-4.2228904,-0.6370866,0.0,0.0
-3.8346784,-4.236257,-0.70231223,0.0,0.0
-3.7530382,-4.824719,-0.6774295,0.0,0.0
-3.879368,-5.4017305,-1.9347943,0.0,0.0
-3.8526032,-4.2228904,-0.6370866,0.0,0.0
-3.8128047,-4.831987,-0.5117203,0.0,0.0
-3.851871,-4.113172,-0.5242049,0.0,0.0
-3.8792713,-5.391698,-1.9449234,0.0,0.0
-3.8526032,-4.2228904,-0.6370866,0.0,0.0
-3.8526032,-4.2228904,-0.6370866,0.0,0.0
0.80506843,0.94624376,0.9662597,0.0,0.0
-3.8526032,-4.2228904,-0.6370866,0.0,0.0
-3.8526032,-4.2228904,-0.6370866,0.0,0.0
-3.8526032,-4.2228904,-0.6370866,0.0,0.0
-3.705107,-4.870212,-0.70075566,0.0,0.0
-3.8526032,-4.2228904,-0.6370866,0.0,0.0
-3.8526032,-4.2228904,-0.6370866,0.0,0.0
-3.7993128,-4.095178,-0.59475696,0.0,0.0
-3.8526032,-4.2228904,-0.6370866,0.0,0.0
0.89970595,2.5968785,-0.07355428,0.0,0.0
-3.8526032,-4.2228904,-0.6370866,0.0,0.0
-3.8526032,-4.2228904,-0.6370866,0.0,0.0
-3.8526032,-4.2228904,-0.6370866,0.0,0.0
0.89970595,2.5968785,-0.07355428,0.0,0.0
-0.5054333,-0.2834427,-0.7756754,0.0,0.0
-3.8526032,-4.2228904,-0.6370866,0.0,0.0
-3.705107,-4.870212,-0.70075566,0.0,0.0
-3.4047706,-5.6003294,-2.2107933,0.0,0.0
-3.7977855,-4.0945,-0.5969627,0.0,0.0
-3.705107,-4.870212,-0.70075566,0.0,0.0
-3.8526032,-4.2228904,-0.6370866,0.0,0.0
-3.8526032,-4.2228904,-0.6370866,0.0,0.0
-3.851871,-4.113172,-0.5242049,0.0,0.0
0.7309399,1.5084208,-0.2193592,0.0,0.0
-3.8526032,-4.2228904,-0.6370866,0.0,0.0
-4.057807,-3.4722347,2.5227802,0.0,0.0
-3.8526032,-4.2228904,-0.6370866,0.0,0.0
-3.705107,-4.870212,-0.70075566,0.0,0.0
-4.102759,-4.3608203,-0.1724675,0.0,0.0
-3.8762949,-5.272502,-2.0670981,0.0,0.0
-3.8762949,-5.272502,-2.0670981,0.0,0.0
-3.8526032,-4.2228904,-0.6370866,0.0,0.0
-3.8526032,-4.2228904,-0.6370866,0.0,0.0
-4.444501,-5.0094886,-0.20903406,0.0,0.0
-3.8526032,-4.2228904,-0.6370866,0.0,0.0
-3.8526032,-4.2228904,-0.6370866,0.0,0.0
-3.7230322,-4.8568444,-0.63553,0.0,0.0
-3.8526032,-4.2228904,-0.6370866,0.0,0.0
-3.8526032,-4.2228904,-0.6370866,0.0,0.0
-3.8526032,-4.2228904,-0.6370866,0.0,0.0
1.0373449,-4.758703,0.038383435,0.0,0.0
-3.8526032,-4.2228904,-0.6370866,0.0,0.0
-3.9080722,-5.4042406,-0.14186613,0.0,0.0
-3.8346784,-4.236257,-0.70231223,0.0,0.0
-3.8346784,-4.236257,-0.70231223,0.0,0.0
-3.6111662,-5.4017305,-2.2029963,0.0,0.0
-3.8526032,-4.2228904,-0.6370866,0.0,0.0
-3.705107,-4.870212,-0.70075566,0.0,0.0
-3.657433,-5.518253,-2.32557,0.0,0.0
-3.8526032,-4.2228904,-0.6370866,0.0,0.0
-3.851871,-4.113172,-0.5242049,0.0,0.0
-3.705107,-4.870212,-0.70075566,0.0,0.0
-3.7230322,-4.8568444,-0.63553,0.0,0.0
0.94624084,1.6188365,-0.13165908,0.0,0.0
-3.8576744,-4.022233,-2.3614051,0.0,0.0
-3.7683287,-4.9605746,-1.9303395,0.0,0.0
-3.8614864,-4.116301,-0.5114592,0.0,0.0
-3.705107,-4.870212,-0.70075566,0.0,0.0
-3.7530382,-4.824719,-0.6774295,0.0,0.0
-3.879368,-5.4017305,-1.9347943,0.0,0.0
-3.7993128,-4.095178,-0.59475696,0.0,0.0
-3.8346784,-4.236257,-0.70231223,0.0,0.0
-3.7993128,-4.095178,-0.59475696,0.0,0.0
0.89970595,2.5968785,-0.07355428,0.0,0.0
-3.7530382,-4.824719,-0.6774295,0.0,0.0
-3.8614864,-4.116301,-0.5114592,0.0,0.0
-3.705107,-4.870212,-0.70075566,0.0,0.0
-3.8710818,-5.1094656,-0.43036243,0.0,0.0
-3.705107,-4.870212,-0.70075566,0.0,0.0
-3.8526032,-4.2228904,-0.6370866,0.0,0.0
-3.7993128,-4.095178,-0.59475696,0.0,0.0
-3.8526032,-4.2228904,-0.6370866,0.0,0.0
-4.444501,-5.0094886,-0.20903406,0.0,0.0
-3.8104398,-4.8896246,-2.5158274,0.0,0.0
-3.705107,-4.870212,-0.70075566,0.0,0.0
-3.7530382,-4.824719,-0.6774295,0.0,0.0
0.7309399,1.5084208,-0.2193592,0.0,0.0
-3.705107,-4.870212,-0.70075566,0.0,0.0
-4.100934,-4.5179276,-0.5376514,0.0,0.0
-4.318637,-5.15562,-0.18876623,0.0,0.0
0.89970595,2.533687,-0.077078864,0.0,0.0
-3.705107,-4.870212,-0.70075566,0.0,0.0
-3.6897135,-5.000759,-2.5254195,0.0,0.0
-3.7530382,-4.824719,-0.6774295,0.0,0.0
-3.8526032,-4.2228904,-0.6370866,0.0,0.0
-3.7993128,-4.095178,-0.59475696,0.0,0.0
-3.4047706,-5.6003294,-2.2107933,0.0,0.0
-3.7993128,-4.095178,-0.59475696,0.0,0.0
-3.8055964,-4.842713,-0.60687757,0.0,0.0
-3.8526032,-4.2228904,-0.6370866,0.0,0.0
0.89970595,2.5968785,-0.07355428,0.0,0.0
-3.8526032,-4.2228904,-0.6370866,0.0,0.0
-3.8762949,-5.272502,-2.0670981,0.0,0.0
-3.8346784,-4.236257,-0.70231223,0.0,0.0
-3.1762962,2.537657,-0.14858398,0.0,0.0
-3.705107,-4.870212,-0.70075566,0.0,0.0
-3.705107,-4.870212,-0.70075566,0.0,0.0
1.1055373,-0.35267615,-0.33524534,0.0,0.0
-4.0551295,-4.646025,-1.9580883,0.0,0.0
-3.705107,-4.870212,-0.70075566,0.0,0.0
-3.8526032,-4.2228904,-0.6370866,0.0,0.0
-3.287954,-4.869061,-2.5022252,0.0,0.0
-3.7530382,-4.824719,-0.6774295,0.0,0.0
-3.757965,-4.707379,-2.330858,0.0,0.0
-3.8526032,-4.2228904,-0.6370866,0.0,0.0
-3.705107,-4.870212,-0.70075566,0.0,0.0
-3.9251726,-5.122506,-0.36323035,0.0,0.0
0.89970595,2.5968785,-0.07355428,0.0,0.0
-3.8762949,-5.272502,-2.0670981,0.0,0.0
-3.705107,-4.870212,-0.70075566,0.0,0.0
-3.649105,-5.3087077,-2.2580807,0.0,0.0
-3.8152118,-4.845843,-0.59413177,0.0,0.0
0.7851041,-6.584571,-0.84707093,0.0,0.0
-3.7587132,-4.9574447,-1.9430852,0.0,0.0
-3.7993128,-4.095178,-0.59475696,0.0,0.0
-3.8526032,-4.2228904,-0.6370866,0.0,0.0
-3.8346784,-4.236257,-0.70231223,0.0,0.0
-3.705107,-4.870212,-0.70075566,0.0,0.0
-3.8526032,-4.2228904,-0.6370866,0.0,0.0
-3.3623054,-5.623256,-2.2303317,0.0,0.0
-3.705107,-4.870212,-0.70075566,0.0,0.0
-3.8526032,-4.2228904,-0.6370866,0.0,0.0
-3.860425,-4.4838862,-2.4518898,0.0,0.0
-3.8601575,-4.115813,-0.5132769,0.0,0.0
-3.7530382,-4.824719,-0.6774295,0.0,0.0
-3.8526032,-4.2228904,-0.6370866,0.0,0.0
-3.705107,-4.870212,-0.70075566,0.0,0.0
-3.8526032,-4.2228904,-0.6370866,0.0,0.0
-3.8723943,-5.3904667,-1.9530317,0.0,0.0
-3.8526032,-4.2228904,-0.6370866,0.0,0.0
-3.8526032,-4.2228904,-0.6370866,0.0,0.0
-3.705107,-4.870212,-0.70075566,0.0,0.0
-3.5001268,-4.9605746,-2.1985412,0.0,0.0
-3.8526032,-4.2228904,-0.6370866,0.0,0.0
-4.402527,-3.5070941,-0.5796258,0.0,0.0
-3.7230322,-4.8568444,-0.63553,0.0,0.0
-3.8526032,-4.2228904,-0.6370866,0.0,0.0
-3.705107,-4.870212,-0.70075566,0.0,0.0
-3.6348689,-4.745342,-2.415991,0.0,0.0
-4.006004,-4.2274733,-2.4751446,0.0,0.0
-3.8526032,-4.2228904,-0.6370866,0.0,0.0
-3.7993128,-4.095178,-0.59475696,0.0,0.0
-3.8060665,-4.3659377,-2.06931,0.0,0.0
-3.705107,-4.870212,-0.70075566,0.0,0.0
-3.851871,-4.113172,-0.5242049,0.0,0.0
-3.5023026,-4.0954556,-2.6435547,0.0,0.0
-4.72959,-0.63661015,-0.39970452,0.0,0.0
-3.7988641,-4.107867,-0.6811918,0.0,0.0
-3.8526032,-4.2228904,-0.6370866,0.0,0.0
-3.8526032,-4.2228904,-0.6370866,0.0,0.0
-3.500296,-4.9286685,-2.2302778,0.0,0.0
0.94624084,1.6188365,-0.13165908,0.0,0.0
1.1014897,1.9783086,-0.27176344,0.0,0.0
-3.7438867,-4.820864,-0.69043654,0.0,0.0
-3.7977855,-4.0945,-0.5969627,0.0,0.0
-3.7993128,-4.095178,-0.59475696,0.0,0.0
-3.8526032,-4.2228904,-0.6370866,0.0,0.0
-3.4026008,-5.339428,-2.4738643,0.0,0.0
-3.8526032,-4.2228904,-0.6370866,0.0,0.0
-3.705107,-4.870212,-0.70075566,0.0,0.0
-3.8526032,-4.2228904,-0.6370866,0.0,0.0
0.89970595,2.5968785,-0.07355428,0.0,0.0
-3.705107,-4.870212,-0.70075566,0.0,0.0
-3.705107,-4.870212,-0.70075566,0.0,0.0
-3.8526032,-4.2228904,-0.6370866,0.0,0.0
-3.7530382,-4.824719,-0.6774295,0.0,0.0
-3.8128047,-4.831987,-0.5117203,0.0,0.0
-3.7530382,-4.824719,-0.6774295,0.0,0.0
-3.9289136,-4.409065,-2.458222,0.0,0.0
-3.7993128,-4.095178,-0.59475696,0.0,0.0
-3.8526032,-4.2228904,-0.6370866,0.0,0.0
-3.7993128,-4.095178,-0.59475696,0.0,0.0
-3.8526032,-4.2228904,-0.6370866,0.0,0.0
-3.75196,-4.8113523,-0.5932004,0.0,0.0
-3.8806002,-5.392187,-1.9431057,0.0,0.0
-3.8526032,-4.2228904,-0.6370866,0.0,0.0
-4.120431,-4.6030326,1.0599484,0.0,0.0
-3.8003914,-4.108545,-0.6789861,0.0,0.0
-3.8526032,-4.2228904,-0.6370866,0.0,0.0
-3.7993128,-4.095178,-0.59475696,0.0,0.0
-3.8526032,-4.2228904,-0.6370866,0.0,0.0
-3.8614864,-4.116301,-0.5114592,0.0,0.0
-3.8526032,-4.2228904,-0.6370866,0.0,0.0
-3.8526032,-4.2228904,-0.6370866,0.0,0.0
-3.7683287,-4.9605746,-1.9303395,0.0,0.0
-3.7683287,-4.9605746,-1.9303395,0.0,0.0
-3.8526032,-4.2228904,-0.6370866,0.0,0.0
-4.0976114,-4.89543,-0.417868,0.0,0.0
-3.8346784,-4.236257,-0.70231223,0.0,0.0
-3.7669997,-4.9600854,-1.9321572,0.0,0.0
-3.7993128,-4.095178,-0.59475696,0.0,0.0
-3.705107,-4.870212,-0.70075566,0.0,0.0
1.2566559,-0.6561789,0.12556313,0.0,0.0
-3.8526032,-4.2228904,-0.6370866,0.0,0.0
-3.8526032,-4.2228904,-0.6370866,0.0,0.0
-3.8526032,-4.2228904,-0.6370866,0.0,0.0
-3.6348689,-4.745342,-2.415991,0.0,0.0
-3.8346784,-4.236257,-0.70231223,0.0,0.0
-3.7993128,-4.095178,-0.59475696,0.0,0.0
-3.8526032,-4.2228904,-0.6370866,0.0,0.0
-3.851871,-4.113172,-0.5242049,0.0,0.0
-3.7993128,-4.095178,-0.59475696,0.0,0.0
-3.8526032,-4.2228904,-0.6370866,0.0,0.0
-3.7515109,-4.824041,-0.6796352,0.0,0.0
-3.7683287,-4.9605746,-1.9303395,0.0,0.0
-3.8003914,-4.108545,-0.6789861,0.0,0.0
-3.7230322,-4.8568444,-0.63553,0.0,0.0
-3.7993128,-4.095178,-0.59475696,0.0,0.0
-3.7230322,-4.8568444,-0.63553,0.0,0.0
-3.8526032,-4.2228904,-0.6370866,0.0,0.0
-3.8526032,-4.2228904,-0.6370866,0.0,0.0
0.94624084,1.6188365,-0.13165908,0.0,0.0
-3.7530382,-4.824719,-0.6774295,0.0,0.0
-3.8526032,-4.2228904,-0.6370866,0.0,0.0
-3.6044776,-5.4056807,-2.2057352,0.0,0.0
-3.8526032,-4.2228904,-0.6370866,0.0,0.0
-3.7535083,-4.347944,-2.1398623,0.0,0.0
-0.40488914,-5.069366,-0.9968226,0.0,0.0
-3.8526032,-4.2228904,-0.6370866,0.0,0.0
-3.8526032,-4.2228904,-0.6370866,0.0,0.0
-3.7942147,-4.872038,-2.5439487,0.0,0.0
-3.8526032,-4.2228904,-0.6370866,0.0,0.0
-3.992629,-5.0116715,-0.40660825,0.0,0.0
-3.54748,-4.3690677,-2.324766,0.0,0.0
-3.8526032,-4.2228904,-0.6370866,0.0,0.0
0.94624084,1.6188365,-0.13165908,0.0,0.0
-3.8576744,-4.022233,-2.3614051,0.0,0.0
-3.5489779,-4.3376517,-2.3546844,0.0,0.0
-3.7530382,-4.824719,-0.6774295,0.0,0.0
-3.8526032,-4.2228904,-0.6370866,0.0,0.0
-3.7901614,-4.0913224,-0.60776407,0.0,0.0
-3.8526032,-4.2228904,-0.6370866,0.0,0.0
-3.7530382,-4.824719,-0.6774295,0.0,0.0
-3.8526032,-4.2228904,-0.6370866,0.0,0.0
-3.8138828,-4.8453536,-0.59594953,0.0,0.0
-3.8526032,-4.2228904,-0.6370866,0.0,0.0
-3.8526032,-4.2228904,-0.6370866,0.0,0.0
1.1333796,-4.9777637,0.603353,0.0,0.0
-3.7977855,-4.0945,-0.5969627,0.0,0.0
-3.8003914,-4.108545,-0.6789861,0.0,0.0
0.94624084,1.6188365,-0.13165908,0.0,0.0
-3.8780391,-5.4012413,-1.936612,0.0,0.0
-3.8526032,-4.2228904,-0.6370866,0.0,0.0
-3.8526032,-4.2228904,-0.6370866,0.0,0.0
-3.7993128,-4.095178,-0.59475696,0.0,0.0
-3.7993128,-4.095178,-0.59475696,0.0,0.0
-3.8526032,-4.2228904,-0.6370866,0.0,0.0
-3.705107,-4.870212,-0.70075566,0.0,0.0
-3.8526032,-4.2228904,-0.6370866,0.0,0.0
-3.8526032,-4.2228904,-0.6370866,0.0,0.0
-3.8526032,-4.2228904,-0.6370866,0.0,0.0
-3.8526032,-4.2228904,-0.6370866,0.0,0.0
-3.8526032,-4.2228904,-0.6370866,0.0,0.0
0.74150205,0.94705606,0.13921227,0.0,0.0
-3.8762949,-5.272502,-2.0670981,0.0,0.0
-3.7530382,-4.824719,-0.6774295,0.0,0.0
-3.8055964,-4.842713,-0.60687757,0.0,0.0
-3.7993128,-4.095178,-0.59475696,0.0,0.0
-4.2955227,-4.409515,1.0415224,0.0,0.0
-3.8526032,-4.2228904,-0.6370866,0.0,0.0
-3.705107,-4.870212,-0.70075566,0.0,0.0
-3.8526032,-4.2228904,-0.6370866,0.0,0.0
-3.8526032,-4.2228904,-0.6370866,0.0,0.0
-3.8845813,-5.2751427,-2.05617,0.0,0.0
-3.8526032,-4.2228904,-0.6370866,0.0,0.0
-3.705107,-4.870212,-0.70075566,0.0,0.0
-3.8526032,-4.2228904,-0.6370866,0.0,0.0
-3.8526032,-4.2228904,-0.6370866,0.0,0.0
-3.7530382,-4.824719,-0.6774295,0.0,0.0
-4.0551295,-4.646025,-1.9580883,0.0,0.0
-3.8526032,-4.2228904,-0.6370866,0.0,0.0
-3.705107,-4.870212,-0.70075566,0.0,0.0
-3.814353,-4.3685784,-2.058382,0.0,0.0
-3.7993128,-4.095178,-0.59475696,0.0,0.0
-3.879368,-5.4017305,-1.9347943,0.0,0.0
-3.6044776,-5.4056807,-2.2057352,0.0,0.0
1.1014897,1.9783086,-0.27176344,0.0,0.0
-3.8526032,-4.2228904,-0.6370866,0.0,0.0
2.1457295,-1.0885714,1.5483962,0.0,0.0
-3.7993128,-4.095178,-0.59475696,0.0,0.0
-3.7993128,-4.095178,-0.59475696,0.0,0.0
-3.7993128,-4.095178,-0.59475696,0.0,0.0
-3.810321,-4.6137395,-2.2351806,0.0,0.0
-3.705107,-4.870212,-0.70075566,0.0,0.0
-3.6044776,-5.4056807,-2.2057352,0.0,0.0
-3.8526032,-4.2228904,-0.6370866,0.0,0.0
-3.8526032,-4.2228904,-0.6370866,0.0,0.0
3.6208973,-2.7238498,-2.5114758,0.0,0.0
-3.8526032,-4.2228904,-0.6370866,0.0,0.0
-3.851871,-4.113172,-0.5242049,0.0,0.0
-3.851871,-4.113172,-0.5242049,0.0,0.0
-3.7993128,-4.095178,-0.59475696,0.0,0.0
-3.8526032,-4.2228904,-0.6370866,0.0,0.0
-3.8792713,-5.391698,-1.9449234,0.0,0.0
-3.8526032,-4.2228904,-0.6370866,0.0,0.0
-3.8526032,-4.2228904,-0.6370866,0.0,0.0
-3.8526032,-4.2228904,-0.6370866,0.0,0.0
-3.7515109,-4.824041,-0.6796352,0.0,0.0
-3.8526032,-4.2228904,-0.6370866,0.0,0.0
-3.8526032,-4.2228904,-0.6370866,0.0,0.0
-3.7901614,-4.0913224,-0.60776407,0.0,0.0
-3.992629,-5.0116715,-0.40660825,0.0,0.0
-3.8526032,-4.2228904,-0.6370866,0.0,0.0
-3.6111662,-5.4017305,-2.2029963,0.0,0.0
-3.2866251,-4.8764267,-2.496189,0.0,0.0
-3.7993128,-4.095178,-0.59475696,0.0,0.0
-3.8526032,-4.2228904,-0.6370866,0.0,0.0
-4.444501,-5.0094886,-0.20903406,0.0,0.0
-3.6044776,-5.4056807,-2.2057352,0.0,0.0
-3.7993128,-4.095178,-0.59475696,0.0,0.0
-3.8526032,-4.2228904,-0.6370866,0.0,0.0
-3.8526032,-4.2228904,-0.6370866,0.0,0.0
-4.6590195,-0.47044447,-0.072724275,0.0,0.0
-3.2873638,-4.902118,-2.4697587,0.0,0.0
-3.8526032,-4.2228904,-0.6370866,0.0,0.0
-3.7530382,-4.824719,-0.6774295,0.0,0.0
-4.402527,-3.5070941,-0.5796258,0.0,0.0
-3.705107,-4.870212,-0.70075566,0.0,0.0
-4.0301723,-3.495968,-0.88762915,0.0,0.0
-3.851871,-4.113172,-0.5242049,0.0,0.0
-3.8526032,-4.2228904,-0.6370866,0.0,0.0
-3.8152118,-4.845843,-0.59413177,0.0,0.0
-3.7977855,-4.0945,-0.5969627,0.0,0.0
-3.8526032,-4.2228904,-0.6370866,0.0,0.0
-3.814353,-4.3685784,-2.058382,0.0,0.0
-3.8526032,-4.2228904,-0.6370866,0.0,0.0
-4.0551295,-4.646025,-1.9580883,0.0,0.0
0.9886603,-0.9814169,3.093334,0.0,0.0
-3.7993128,-4.095178,-0.59475696,0.0,0.0
-3.8526032,-4.2228904,-0.6370866,0.0,0.0
-3.8614864,-4.116301,-0.5114592,0.0,0.0
-3.705107,-4.870212,-0.70075566,0.0,0.0
-3.8526032,-4.2228904,-0.6370866,0.0,0.0
-3.8706784,-5.1102724,-0.42995894,0.0,0.0
-4.444501,-5.0094886,-0.20903406,0.0,0.0
-3.8726795,-5.4056807,-1.9375333,0.0,0.0
-3.8526032,-4.2228904,-0.6370866,0.0,0.0
-3.8526032,-4.2228904,-0.6370866,0.0,0.0
-3.6878395,-4.7769933,-2.3313692,0.0,0.0
-3.6044776,-5.4056807,-2.2057352,0.0,0.0
-3.8762949,-5.272502,-2.0670981,0.0,0.0
-3.9264047,-5.1129627,-0.37154165,0.0,0.0
-3.8346784,-4.236257,-0.70231223,0.0,0.0
-3.8526032,-4.2228904,-0.6370866,0.0,0.0
-3.8526032,-4.2228904,-0.6370866,0.0,0.0
-3.7928212,-4.660752,-2.3426287,0.0,0.0
0.94624084,1.6188365,-0.13165908,0.0,0.0
-3.705107,-4.870212,-0.70075566,0.0,0.0
-3.8526032,-4.2228904,-0.6370866,0.0,0.0
-3.9185953,-4.7505765,1.0056577,0.0,0.0
-3.851871,-4.113172,-0.5242049,0.0,0.0
0.89970595,2.5968785,-0.07355428,0.0,0.0
-3.8614864,-4.116301,-0.5114592,0.0,0.0
-3.9225895,-6.081424,0.77654195,0.0,0.0
-4.171681,-3.7694669,-0.5480984,0.0,0.0
-4.6838975,-3.4798217,-0.14689007,0.0,0.0
-3.8346784,-4.236257,-0.70231223,0.0,0.0
-3.8526032,-4.2228904,-0.6370866,0.0,0.0
-3.8526032,-4.2228904,-0.6370866,0.0,0.0
-3.7993128,-4.095178,-0.59475696,0.0,0.0
-3.7536802,-3.861249,-2.6263828,0.0,0.0
-3.705107,-4.870212,-0.70075566,0.0,0.0
-3.8526032,-4.2228904,-0.6370866,0.0,0.0
-3.705107,-4.870212,-0.70075566,0.0,0.0
-3.705107,-4.870212,-0.70075566,0.0,0.0
-3.8762949,-5.272502,-2.0670981,0.0,0.0
-3.7993128,-4.095178,-0.59475696,0.0,0.0
1.1120399,0.24595642,-0.09416621,0.0,0.0
-3.7530382,-4.824719,-0.6774295,0.0,0.0
-3.8526032,-4.2228904,-0.6370866,0.0,0.0
-3.8526032,-4.2228904,-0.6370866,0.0,0.0
-3.8526032,-4.2228904,-0.6370866,0.0,0.0
-3.7993128,-4.095178,-0.59475696,0.0,0.0
0.862334,-1.2502112,-1.0123636,0.0,0.0
-3.8780391,-5.4012413,-1.936612,0.0,0.0
-3.705107,-4.870212,-0.70075566,0.0,0.0
-3.8526032,-4.2228904,-0.6370866,0.0,0.0
-3.814353,-4.3685784,-2.058382,0.0,0.0
-3.8526032,-4.2228904,-0.6370866,0.0,0.0
-3.8780391,-5.4012413,-1.936612,0.0,0.0
-3.8526032,-4.2228904,-0.6370866,0.0,0.0
-3.2103992,-4.8718305,-2.5388515,0.0,0.0
-3.8526032,-4.2228904,-0.6370866,0.0,0.0
-3.8614864,-4.116301,-0.5114592,0.0,0.0
-3.8601575,-4.115813,-0.5132769,0.0,0.0
-3.705107,-4.870212,-0.70075566,0.0,0.0
-3.8526032,-4.2228904,-0.6370866,0.0,0.0
-3.8526032,-4.2228904,-0.6370866,0.0,0.0
-3.8060665,-4.3659377,-2.06931,0.0,0.0
-3.8723943,-5.3904667,-1.9530317,0.0,0.0
-3.4379537,-4.9394507,-2.281839,0.0,0.0
-4.171681,-3.7694669,-0.5480984,0.0,0.0
-3.8614864,-4.116301,-0.5114592,0.0,0.0
-3.2866251,-4.8685727,-2.504043,0.0,0.0
0.5494079,-6.027217,-2.7283313,0.0,0.0
-3.8726795,-5.4056807,-1.9375333,0.0,0.0
-3.8526032,-4.2228904,-0.6370866,0.0,0.0
-3.1608627,-0.795614,-2.1818023,0.0,0.0
-3.705107,-4.870212,-0.70075566,0.0,0.0
-3.8526032,-4.2228904,-0.6370866,0.0,0.0
-3.8526032,-4.2228904,-0.6370866,0.0,0.0
-3.8526032,-4.2228904,-0.6370866,0.0,0.0
-3.8526032,-4.2228904,-0.6370866,0.0,0.0
-3.8526032,-4.2228904,-0.6370866,0.0,0.0
-3.7530382,-4.824719,-0.6774295,0.0,0.0
-3.8526032,-4.2228904,-0.6370866,0.0,0.0
0.94624084,1.6188365,-0.13165908,0.0,0.0
-3.7230322,-4.8568444,-0.63553,0.0,0.0
-4.402527,-3.5070941,-0.5796258,0.0,0.0
-3.8526032,-4.2228904,-0.6370866,0.0,0.0
3.453749,-1.332479,-0.4467721,0.0,0.0
-3.7530382,-4.824719,-0.6774295,0.0,0.0
-3.7530382,-4.824719,-0.6774295,0.0,0.0
-3.8723943,-5.3904667,-1.9530317,0.0,0.0
0.89970595,2.5968785,-0.07355428,0.0,0.0
-3.192598,-5.5088167,-2.5144777,0.0,0.0
-3.8055964,-4.842713,-0.60687757,0.0,0.0
-3.8526032,-4.2228904,-0.6370866,0.0,0.0
-4.0551295,-4.646025,-1.9580883,0.0,0.0
-3.705107,-4.870212,-0.70075566,0.0,0.0
-3.8526032,-4.2228904,-0.6370866,0.0,0.0
-4.027252,-4.988023,-0.39563373,0.0,0.0
-3.851871,-4.113172,-0.5242049,0.0,0.0
-3.8526032,-4.2228904,-0.6370866,0.0,0.0
-4.171681,-3.7694669,-0.5480984,0.0,0.0
-3.8526032,-4.2228904,-0.6370866,0.0,0.0
0.89970595,2.5968785,-0.07355428,0.0,0.0
-3.54748,-4.3690677,-2.324766,0.0,0.0
-3.1768565,2.537937,-0.14830393,0.0,0.0
-3.8526032,-4.2228904,-0.6370866,0.0,0.0
0.89970595,2.5968785,-0.07355428,0.0,0.0
0.89970595,2.5968785,-0.07355428,0.0,0.0
-3.705107,-4.870212,-0.70075566,0.0,0.0
-3.6279423,-4.741053,-2.4272056,0.0,0.0
-3.705107,-4.870212,-0.70075566,0.0,0.0
-3.8614864,-4.116301,-0.5114592,0.0,0.0
-3.705107,-4.870212,-0.70075566,0.0,0.0
-3.8526032,-4.2228904,-0.6370866,0.0,0.0
-3.55857,-0.87364364,-2.2684655,0.0,0.0
-3.9251726,-5.122506,-0.36323035,0.0,0.0
-3.8526032,-4.2228904,-0.6370866,0.0,0.0
-3.8526032,-4.2228904,-0.6370866,0.0,0.0
-3.8526032,-4.2228904,-0.6370866,0.0,0.0
-3.8526032,-4.2228904,-0.6370866,0.0,0.0
-3.705107,-4.870212,-0.70075566,0.0,0.0
-3.8526032,-4.2228904,-0.6370866,0.0,0.0
-0.5296534,-2.3758523,-3.1711476,0.0,0.0
-3.8526032,-4.2228904,-0.6370866,0.0,0.0
1.2301089,-2.5938184,0.06717374,0.0,0.0
-3.7230322,-4.8568444,-0.63553,0.0,0.0
-3.705107,-4.870212,-0.70075566,0.0,0.0
2.1457295,-1.0885714,1.5483962,0.0,0.0
-3.8526032,-4.2228904,-0.6370866,0.0,0.0
-3.8346784,-4.236257,-0.70231223,0.0,0.0
-3.705107,-4.870212,-0.70075566,0.0,0.0
-3.8346784,-4.236257,-0.70231223,0.0,0.0
-4.2077403,-4.244578,-0.18372719,0.0,0.0
0.89970595,2.5968785,-0.07355428,0.0,0.0
-3.705107,-4.870212,-0.70075566,0.0,0.0
-3.7993128,-4.095178,-0.59475696,0.0,0.0
-3.7993128,-4.095178,-0.59475696,0.0,0.0
-3.7993128,-4.095178,-0.59475696,0.0,0.0
-3.1293,-3.765503,-2.102852,0.0,0.0
-3.8526032,-4.2228904,-0.6370866,0.0,0.0
-3.851871,-4.113172,-0.5242049,0.0,0.0
-4.2766623,-3.6532257,-0.559358,0.0,0.0
-3.7530382,-4.824719,-0.6774295,0.0,0.0
-3.8526032,-4.2228904,-0.6370866,0.0,0.0
-3.8526032,-4.2228904,-0.6370866,0.0,0.0
-3.851871,-4.113172,-0.5242049,0.0,0.0
-3.5673914,-5.0765014,-0.70167434,0.0,0.0
-3.3360455,-4.3111014,-2.5941658,0.0,0.0
-3.7230322,-4.8568444,-0.63553,0.0,0.0
-3.8346784,-4.236257,-0.70231223,0.0,0.0
-3.8526032,-4.2228904,-0.6370866,0.0,0.0
-3.8526032,-4.2228904,-0.6370866,0.0,0.0
-4.497552,-2.3993115,-2.4779487,0.0,0.0
0.78734016,-6.5868063,-0.84707093,0.0,0.0
-3.8526032,-4.2228904,-0.6370866,0.0,0.0
-3.9225926,-5.045353,-2.2479472,0.0,0.0
-3.8601575,-4.115813,-0.5132769,0.0,0.0
-4.223475,-4.7492986,-0.43813577,0.0,0.0
-3.8614864,-4.116301,-0.5114592,0.0,0.0
-3.8060665,-4.3659377,-2.06931,0.0,0.0
0.89970595,2.5968785,-0.07355428,0.0,0.0
-3.7230322,-4.8568444,-0.63553,0.0,0.0
-3.8614864,-4.116301,-0.5114592,0.0,0.0
-3.7993128,-4.095178,-0.59475696,0.0,0.0
-3.8526032,-4.2228904,-0.6370866,0.0,0.0
-4.110551,-1.1890349,-2.708696,0.0,0.0
0.94624084,1.6188365,-0.13165908,0.0,0.0
-3.7993128,-4.095178,-0.59475696,0.0,0.0
-3.8713505,-5.4051914,-1.939351,0.0,0.0
-3.8526032,-4.2228904,-0.6370866,0.0,0.0
-3.8156574,-5.128462,-0.46708912,0.0,0.0
1.0373449,-4.758703,0.038383435,0.0,0.0
-3.8526032,-4.2228904,-0.6370866,0.0,0.0
1.0994095,2.2154377,-0.19895953,0.0,0.0
-3.851871,-4.113172,-0.5242049,0.0,0.0
-3.705107,-4.870212,-0.70075566,0.0,0.0
-3.8526032,-4.2228904,-0.6370866,0.0,0.0
-3.7993128,-4.095178,-0.59475696,0.0,0.0
-3.879368,-5.4017305,-1.9347943,0.0,0.0
-3.8526032,-4.2228904,-0.6370866,0.0,0.0
-4.303625,-0.91708076,1.2942234,0.0,0.0
-3.7993128,-4.095178,-0.59475696,0.0,0.0
-3.705107,-4.870212,-0.70075566,0.0,0.0
0.89970595,2.5968785,-0.07355428,0.0,0.0
-3.8526032,-4.2228904,-0.6370866,0.0,0.0
-3.8526032,-4.2228904,-0.6370866,0.0,0.0
0.94624084,1.6188365,-0.13165908,0.0,0.0
-3.7993128,-4.095178,-0.59475696,0.0,0.0
-3.8526032,-4.2228904,-0.6370866,0.0,0.0
-3.7082036,-4.851832,-0.69043654,0.0,0.0
-3.705107,-4.870212,-0.70075566,0.0,0.0
-3.8346784,-4.236257,-0.70231223,0.0,0.0
-3.851871,-4.113172,-0.5242049,0.0,0.0
-3.8526032,-4.2228904,-0.6370866,0.0,0.0
-3.8128047,-4.831987,-0.5117203,0.0,0.0
-3.7993128,-4.095178,-0.59475696,0.0,0.0
-3.8526032,-4.2228904,-0.6370866,0.0,0.0
-3.4049327,-5.582713,-2.2282476,0.0,0.0
-3.8526032,-4.2228904,-0.6370866,0.0,0.0
-3.8346784,-4.236257,-0.70231223,0.0,0.0
-3.7683287,-4.9605746,-1.9303395,0.0,0.0
-3.7530382,-4.824719,-0.6774295,0.0,0.0
-3.8526032,-4.2228904,-0.6370866,0.0,0.0
-4.659673,-3.2525396,-0.14689007,0.0,0.0
-3.705107,-4.870212,-0.70075566,0.0,0.0
-3.6044776,-5.4056807,-2.2057352,0.0,0.0
-3.705107,-4.870212,-0.70075566,0.0,0.0
-3.8526032,-4.2228904,-0.6370866,0.0,0.0
-3.8526032,-4.2228904,-0.6370866,0.0,0.0
-3.705107,-4.870212,-0.70075566,0.0,0.0
-3.7230322,-4.8568444,-0.63553,0.0,0.0
-3.7993128,-4.095178,-0.59475696,0.0,0.0
-4.402527,-3.5070941,-0.5796258,0.0,0.0
0.57286495,-4.5385756,-0.68414223,0.0,0.0
-3.8526032,-4.2228904,-0.6370866,0.0,0.0
-3.8526032,-4.2228904,-0.6370866,0.0,0.0
-3.8526032,-4.2228904,-0.6370866,0.0,0.0
-3.7683287,-4.9605746,-1.9303395,0.0,0.0
-3.325692,-4.2822785,-2.6333418,0.0,0.0
-3.7993128,-4.095178,-0.59475696,0.0,0.0
-3.7061555,-4.9394507,-2.0136373,0.0,0.0
-3.8003914,-4.108545,-0.6789861,0.0,0.0
-3.705107,-4.870212,-0.70075566,0.0,0.0
-3.8346784,-4.236257,-0.70231223,0.0,0.0
-3.8526032,-4.2228904,-0.6370866,0.0,0.0
-3.7901614,-4.0913224,-0.60776407,0.0,0.0
-3.7683287,-4.9605746,-1.9303395,0.0,0.0
-3.705107,-4.870212,-0.70075566,0.0,0.0
-3.8346784,-4.236257,-0.70231223,0.0,0.0
-3.7993128,-4.095178,-0.59475696,0.0,0.0
-3.7993128,-4.095178,-0.59475696,0.0,0.0
-3.7683287,-4.9605746,-1.9303395,0.0,0.0
-3.7061555,-4.9394507,-2.0136373,0.0,0.0
-3.7993128,-4.095178,-0.59475696,0.0,0.0
-3.7993128,-4.095178,-0.59475696,0.0,0.0
-3.879368,-5.4017305,-1.9347943,0.0,0.0
-3.8055964,-4.842713,-0.60687757,0.0,0.0
-3.8614864,-4.116301,-0.5114592,0.0,0.0
-3.8526032,-4.2228904,-0.6370866,0.0,0.0
-3.7530382,-4.824719,-0.6774295,0.0,0.0
-3.7901614,-4.0913224,-0.60776407,0.0,0.0
-3.8526032,-4.2228904,-0.6370866,0.0,0.0
-3.8526032,-4.2228904,-0.6370866,0.0,0.0
-3.705107,-4.870212,-0.70075566,0.0,0.0
-3.8726795,-5.4056807,-1.9375333,0.0,0.0
-3.7866619,-4.4933047,-2.5162344,0.0,0.0
-3.705107,-4.870212,-0.70075566,0.0,0.0
1.1055373,-0.35267615,-0.33524534,0.0,0.0
-3.8526032,-4.2228904,-0.6370866,0.0,0.0
-3.7993128,-4.095178,-0.59475696,0.0,0.0
-4.659673,-3.2525396,-0.14689007,0.0,0.0
-3.8055964,-4.842713,-0.60687757,0.0,0.0
-3.8526032,-4.2228904,-0.6370866,0.0,0.0
-3.705107,-4.870212,-0.70075566,0.0,0.0
-3.8526032,-4.2228904,-0.6370866,0.0,0.0
-3.8526032,-4.2228904,-0.6370866,0.0,0.0
-3.7977855,-4.0945,-0.5969627,0.0,0.0
-3.7977855,-4.0945,-0.5969627,0.0,0.0
-3.8526032,-4.2228904,-0.6370866,0.0,0.0
-3.8601575,-4.115813,-0.5132769,0.0,0.0
-3.8526032,-4.2228904,-0.6370866,0.0,0.0
-3.851871,-4.113172,-0.5242049,0.0,0.0
-3.705107,-4.870212,-0.70075566,0.0,0.0
-3.8601575,-4.115813,-0.5132769,0.0,0.0
-4.540117,0.08070104,-2.4754767,0.0,0.0
-3.8526032,-4.2228904,-0.6370866,0.0,0.0
-3.8601575,-4.115813,-0.5132769,0.0,0.0
-4.1395006,-4.5823216,1.0583075,0.0,0.0
-3.8526032,-4.2228904,-0.6370866,0.0,0.0
-3.8526032,-4.2228904,-0.6370866,0.0,0.0
-3.7683287,-4.9605746,-1.9303395,0.0,0.0
-3.8526032,-4.2228904,-0.6370866,0.0,0.0
-3.7504327,-4.810674,-0.5954061,0.0,0.0
-3.8526032,-4.2228904,-0.6370866,0.0,0.0
-3.8138828,-4.8453536,-0.59594953,0.0,0.0
-3.7993128,-4.095178,-0.59475696,0.0,0.0
-3.705107,-4.870212,-0.70075566,0.0,0.0
-3.705107,-4.870212,-0.70075566,0.0,0.0
-3.8526032,-4.2228904,-0.6370866,0.0,0.0
-3.8526032,-4.2228904,-0.6370866,0.0,0.0
-5.100602,0.022508545,-0.44284052,0.0,0.0
-3.8526032,-4.2228904,-0.6370866,0.0,0.0
-3.8526032,-4.2228904,-0.6370866,0.0,0.0
-3.8526032,-4.2228904,-0.6370866,0.0,0.0
-3.8526032,-4.2228904,-0.6370866,0.0,0.0
-4.171681,-3.7694669,-0.5480984,0.0,0.0
-3.7993128,-4.095178,-0.59475696,0.0,0.0
-3.8346784,-4.236257,-0.70231223,0.0,0.0
-3.8526032,-4.2228904,-0.6370866,0.0,0.0
-3.8526032,-4.2228904,-0.6370866,0.0,0.0
-3.7230322,-4.8568444,-0.63553,0.0,0.0
-3.7535083,-4.347944,-2.1398623,0.0,0.0
-3.7530382,-4.824719,-0.6774295,0.0,0.0
0.94624084,1.6188365,-0.13165908,0.0,0.0
-3.8601575,-4.115813,-0.5132769,0.0,0.0
-3.7993128,-4.095178,-0.59475696,0.0,0.0
-3.6044776,-5.4056807,-2.2057352,0.0,0.0
-3.2903292,-4.9078145,-2.461098,0.0,0.0
-3.851871,-4.113172,-0.5242049,0.0,0.0
0.94624084,1.6188365,-0.13165908,0.0,0.0
-3.8526032,-4.2228904,-0.6370866,0.0,0.0
-3.8526032,-4.2228904,-0.6370866,0.0,0.0
-3.705107,-4.870212,-0.70075566,0.0,0.0
-3.8526032,-4.2228904,-0.6370866,0.0,0.0
-3.705107,-4.870212,-0.70075566,0.0,0.0
-3.8526032,-4.2228904,-0.6370866,0.0,0.0
-3.8346784,-4.236257,-0.70231223,0.0,0.0
-3.8526032,-4.2228904,-0.6370866,0.0,0.0
-3.7993128,-4.095178,-0.59475696,0.0,0.0
-3.8526032,-4.2228904,-0.6370866,0.0,0.0
-3.7683287,-4.9605746,-1.9303395,0.0,0.0
-3.705107,-4.870212,-0.70075566,0.0,0.0
-3.8526032,-4.2228904,-0.6370866,0.0,0.0
-3.8526032,-4.2228904,-0.6370866,0.0,0.0
-3.8526032,-4.2228904,-0.6370866,0.0,0.0
-3.8526032,-4.2228904,-0.6370866,0.0,0.0
-3.858788,-4.478679,-2.458733,0.0,0.0
-3.8526032,-4.2228904,-0.6370866,0.0,0.0
-3.8526032,-4.2228904,-0.6370866,0.0,0.0
-3.8614864,-4.116301,-0.5114592,0.0,0.0
-3.8526032,-4.2228904,-0.6370866,0.0,0.0
-3.54748,-4.3690677,-2.324766,0.0,0.0
0.74150205,0.94705606,0.13921227,0.0,0.0
-3.8526032,-4.2228904,-0.6370866,0.0,0.0
-3.7061555,-4.9394507,-2.0136373,0.0,0.0
-3.705107,-4.870212,-0.70075566,0.0,0.0
0.89970595,2.5968785,-0.07355428,0.0,0.0
-3.879368,-5.4017305,-1.9347943,0.0,0.0
-3.705107,-4.870212,-0.70075566,0.0,0.0
-3.5369782,-5.4146733,-2.2642424,0.0,0.0
-3.7587132,-4.9574447,-1.9430852,0.0,0.0
-3.8526032,-4.2228904,-0.6370866,0.0,0.0
-3.7993128,-4.095178,-0.59475696,0.0,0.0
-3.8526032,-4.2228904,-0.6370866,0.0,0.0
0.9074937,-4.265263,-3.1369827,0.0,0.0
-3.8346784,-4.236257,-0.70231223,0.0,0.0
-3.7993128,-4.095178,-0.59475696,0.0,0.0
-3.8526032,-4.2228904,-0.6370866,0.0,0.0
-3.8526032,-4.2228904,-0.6370866,0.0,0.0
-3.7530382,-4.824719,-0.6774295,0.0,0.0
-3.8526032,-4.2228904,-0.6370866,0.0,0.0
-3.7993128,-4.095178,-0.59475696,0.0,0.0
-3.7993128,-4.095178,-0.59475696,0.0,0.0
-3.7993128,-4.095178,-0.59475696,0.0,0.0
-3.8773613,-5.2326336,-2.3649514,0.0,0.0
-3.8526032,-4.2228904,-0.6370866,0.0,0.0
-3.8614864,-4.116301,-0.5114592,0.0,0.0
-3.8526032,-4.2228904,-0.6370866,0.0,0.0
-3.705107,-4.870212,-0.70075566,0.0,0.0
-3.8526032,-4.2228904,-0.6370866,0.0,0.0
-3.7438867,-4.820864,-0.69043654,0.0,0.0
-3.705107,-4.870212,-0.70075566,0.0,0.0
-4.0976114,-4.89543,-0.417868,0.0,0.0
-3.705107,-4.870212,-0.70075566,0.0,0.0
-3.8526032,-4.2228904,-0.6370866,0.0,0.0
-3.705107,-4.870212,-0.70075566,0.0,0.0
-3.8526032,-4.2228904,-0.6370866,0.0,0.0
-3.9153035,-4.497499,-2.2464404,0.0,0.0
-3.8526032,-4.2228904,-0.6370866,0.0,0.0
-3.705107,-4.870212,-0.70075566,0.0,0.0
-3.7993128,-4.095178,-0.59475696,0.0,0.0
-3.2956192,-4.906896,-2.4567266,0.0,0.0
-3.8526032,-4.2228904,-0.6370866,0.0,0.0
-3.7993128,-4.095178,-0.59475696,0.0,0.0
-3.8526032,-4.2228904,-0.6370866,0.0,0.0
-3.8614864,-4.116301,-0.5114592,0.0,0.0
-3.8601575,-4.115813,-0.5132769,0.0,0.0
-3.8526032,-4.2228904,-0.6370866,0.0,0.0
-3.8526032,-4.2228904,-0.6370866,0.0,0.0
-3.8526032,-4.2228904,-0.6370866,0.0,0.0
-3.7993128,-4.095178,-0.59475696,0.0,0.0
-3.8726795,-5.4056807,-1.9375333,0.0,0.0
-3.8526032,-4.2228904,-0.6370866,0.0,0.0
-3.8526032,-4.2228904,-0.6370866,0.0,0.0
-3.8526032,-4.2228904,-0.6370866,0.0,0.0
-3.8526032,-4.2228904,-0.6370866,0.0,0.0
